Date,visit_day,health_money,claim_num,patient_num,illness_name,code
20170110,2222344,33791334,2219882,1621877,비염,J00
20170210,2082204,31993145,2080546,1501727,비염,J00
20170310,2660256,40835646,2658032,1876454,비염,J00
20170410,2669837,41556393,2667759,1906079,비염,J00
20170510,2227617,35335094,2225985,1615587,비염,J00
20170610,1673182,26646434,1671970,1205814,비염,J00
20170710,1389193,22473032,1387758,1017594,비염,J00
20170810,1633277,26596369,1631445,1234227,비염,J00
20170910,2850254,45192479,2848918,1997103,비염,J00
20171010,2256578,36045814,2254864,1683576,비염,J00
20171110,2878623,44024869,2876613,2039249,비염,J00
20171210,3178449,48715416,3176169,2297268,비염,J00
20180110,3057150,48203057,3053275,2223628,비염,J00
20180210,2112485,33772821,2110764,1573843,비염,J00
20180310,2479644,40210094,2478092,1760008,비염,J00
20180410,2627718,42773173,2625874,1867671,비염,J00
20180510,2160652,35599263,2158473,1565950,비염,J00
20180610,1631283,27331375,1629884,1180442,비염,J00
20180710,1414107,23889803,1412580,1031956,비염,J00
20180810,1290702,22256469,1288967,970738,비염,J00
20180910,2479673,41823569,2477780,1808183,비염,J00
20181010,2837778,45846914,2835905,2041779,비염,J00
20181110,2788077,44093222,2785769,1968280,비염,J00
20181210,2946898,46675823,2944840,2116477,비염,J00
20190110,2332058,38663958,2329774,1697980,비염,J00
20190210,1855150,31432940,1854121,1387373,비염,J00
20190310,2426092,41041603,2424472,1734246,비염,J00
20190410,2750064,45871754,2748487,1961280,비염,J00
20190510,2493960,43115693,2492197,1784864,비염,J00
20190610,1582149,27512851,1581038,1156889,비염,J00
20190710,1498887,25998607,1497558,1092425,비염,J00
20190810,1397824,25023993,1396568,1057513,비염,J00
20190910,2402834,41279586,2402294,1765538,비염,J00
20191010,2710457,44985650,2709806,1956400,비염,J00
20191110,2698332,44496286,2697357,1931193,비염,J00
20191210,2828222,46335282,2827251,2042188,비염,J00
20200110,2637252,45029826,2635851,1968051,비염,J00
20200210,1803864,30659198,1803150,1334346,비염,J00
20200310,1192908,21498118,1192003,896719,비염,J00
20200410,1068269,20244166,1067750,810910,비염,J00
20200510,1381474,26315119,1381002,1015860,비염,J00
20200610,1227265,22820238,1226892,897213,비염,J00
20200710,1137585,21253636,1137062,836167,비염,J00
20200810,951462,18287817,951198,728047,비염,J00
20200910,1632231,30497583,1631989,1223612,비염,J00
20201010,1692394,31077362,1691970,1302029,비염,J00
20201110,1789380,31376076,1788961,1285763,비염,J00
20201210,1311167,23684109,1310849,969712,비염,J00
20210110,895635,18005893,895205,688613,비염,J00
20210210,904583,18365612,904253,702677,비염,J00
20210310,1525178,29557833,1524695,1104537,비염,J00
20210410,1906188,36189213,1905797,1359767,비염,J00
20210510,1426049,27491224,1425514,1041119,비염,J00
20210610,1148945,22449870,1148295,861386,비염,J00
20210710,928750,18955786,928363,704011,비염,J00
20210810,852567,18052032,852135,677295,비염,J00
20210910,1666729,33446370,1666532,1263606,비염,J00
20211010,1755264,34021186,1754543,1327531,비염,J00
20211110,2080565,38250104,2079978,1507840,비염,J00
20211210,1691422,31535966,1690799,1232751,비염,J00
20220110,1507704,30113417,1506562,1104273,비염,J00
20220210,1640767,42194554,1639678,1273617,비염,J00
20220310,2284576,74717426,2283602,1785013,비염,J00
20220410,2202210,48583450,2201216,1668594,비염,J00
20220510,1864359,37562167,1864171,1358523,비염,J00
20171110,751,23105410,700,545,동상,T33-T35
20171210,3686,125240810,3402,2520,동상,T33-T35
20180110,4531,193696290,3986,2750,동상,T33-T35
20171110,5782,283850930,4941,3380,동상,T33-T35
20171210,650,27154350,563,349,동상,T33-T35
20180110,1916,66409980,1707,1232,동상,T33-T35
20180210,3010,144418040,2633,1757,동상,T33-T35
20181110,1876,145311170,1489,938,동상,T33-T35
20181210,528,23333960,488,277,동상,T33-T35
20190110,1486,64012690,1373,918,동상,T33-T35
20190210,1669,72759910,1517,1006,동상,T33-T35
20191110,887,40674450,799,548,동상,T33-T35
20191210,337,10733660,330,203,동상,T33-T35
20200110,2289,67745720,2245,1611,동상,T33-T35
20200210,6617,485235940,5486,3373,동상,T33-T35
20201110,2309,184412410,1724,1014,동상,T33-T35
20201210,552,20634900,534,301,동상,T33-T35
20210110,1986,75236920,1867,1249,동상,T33-T35
20210210,3773,159972300,3451,2361,동상,T33-T35
20211110,2355,135203650,2051,1750,온열질환,T67
20211210,6376,521754580,4940,4344,온열질환,T67
20220110,6732,514326060,5293,4643,온열질환,T67
20170610,2215,106182490,2123,1577,온열질환,T67
20170710,2879,143874740,2682,2017,온열질환,T67
20170810,13737,1513117180,9978,8792,온열질환,T67
20170910,17090,1894007270,12092,10283,온열질환,T67
20180610,2722,114837240,2367,1800,온열질환,T67
20180710,2618,175900770,2342,1879,온열질환,T67
20180810,4410,380626470,3730,3158,온열질환,T67
20180910,8663,982526630,6707,5805,온열질환,T67
20190610,2233,132879660,2056,1556,온열질환,T67
20190710,2431,195182260,2169,1828,온열질환,T67
20190810,2166,130025150,1960,1544,온열질환,T67
20190910,5743,703275150,4465,3841,온열질환,T67
20200610,1867,79477500,1709,1361,온열질환,T67
20200710,1970,193061960,1783,1446,온열질환,T67
20200810,6443,1312563630,4871,4185,온열질환,T67
20200910,4721,440663090,3947,3337,온열질환,T67
20210610,1506,92210260,1316,1083,온열질환,T67
20210710,437,55970410,271,246,열사병및일사병,T670
20210810,2023,226888360,1355,1210,열사병및일사병,T670
20210910,1973,202844650,1414,1239,열사병및일사병,T670
20170610,123,12567280,108,95,열사병및일사병,T670
20170710,329,48466580,228,209,열사병및일사병,T670
20170810,4854,766076100,2923,2644,열사병및일사병,T670
20170910,5973,986386230,3360,2960,열사병및일사병,T670
20180610,487,47342330,184,153,열사병및일사병,T670
20180710,295,74471250,170,162,열사병및일사병,T670
20180810,1052,192325970,652,604,열사병및일사병,T670
20180910,2550,510491760,1565,1382,열사병및일사병,T670
20190610,263,62613030,140,116,열사병및일사병,T670
20190710,494,81117270,356,319,열사병및일사병,T670
20190810,372,51239020,267,218,열사병및일사병,T670
20190910,1597,355566000,1003,873,열사병및일사병,T670
20200610,336,30112080,235,195,열사병및일사병,T670
20200710,346,122671310,225,200,열사병및일사병,T670
20200810,2128,912207190,1212,1072,열사병및일사병,T670
20200910,1390,228556570,951,818,열사병및일사병,T670
20210610,302,53516240,146,129,열사병및일사병,T670
20210710,36,5891350,15,15,열실신,T671
20210810,145,23436380,106,100,열실신,T671
20210910,208,23382610,111,102,열실신,T671
20170610,58,41351760,16,15,열실신,T671
20170710,30,6542400,24,23,열실신,T671
20170810,385,73473880,245,229,열실신,T671
20170910,316,50914000,210,184,열실신,T671
20180610,24,7955830,16,13,열실신,T671
20180710,36,10743120,23,23,열실신,T671
20180810,83,16974860,55,51,열실신,T671
20180910,229,52542440,154,145,열실신,T671
20190610,21,4876740,17,17,열실신,T671
20190710,44,9056520,43,38,열실신,T671
20190810,27,5129680,20,19,열실신,T671
20190910,132,33385810,96,87,열실신,T671
20200610,20,2210210,16,15,열실신,T671
20200710,17,3806730,16,15,열실신,T671
20200810,201,53856370,140,123,열실신,T671
20200910,64,14605680,57,54,열실신,T671
20210610,10,3269500,10,8,열실신,T671
20210710,108,12315960,82,70,열경련,T672
20210810,224,25651960,160,142,열경련,T672
20210910,238,30551170,175,157,열경련,T672
20170610,54,4652060,46,44,열경련,T672
20170710,54,5255960,46,40,열경련,T672
20170810,361,51438690,269,258,열경련,T672
20170910,511,79827870,329,293,열경련,T672
20180610,39,3640360,22,20,열경련,T672
20180710,73,8324110,51,48,열경련,T672
20180810,129,16781510,102,93,열경련,T672
20180910,233,39071870,185,167,열경련,T672
20190610,39,3949670,32,30,열경련,T672
20190710,90,12884980,60,54,열경련,T672
20190810,61,8974540,53,44,열경련,T672
20190910,198,32959730,147,139,열경련,T672
20200610,24,2421460,20,18,열경련,T672
20200710,43,5783740,35,29,열경련,T672
20200810,248,39090060,191,155,열경련,T672
20200910,134,19812580,121,103,열경련,T672
20210610,34,3657880,21,21,열경련,T672
20210710,1074,27605170,1054,901,탈수성열탈진,T673
20210810,1614,59502000,1500,1295,탈수성열탈진,T673
20210910,1700,67003870,1517,1323,탈수성열탈진,T673
20170610,1461,33992930,1457,1025,탈수성열탈진,T673
20170710,1858,49438300,1813,1267,탈수성열탈진,T673
20170810,2832,113691300,2590,2100,탈수성열탈진,T673
20170910,3331,133556020,3014,2396,탈수성열탈진,T673
20180610,1669,41101120,1656,1189,탈수성열탈진,T673
20180710,1604,42768610,1574,1195,탈수성열탈진,T673
20180810,1803,51037310,1768,1385,탈수성열탈진,T673
20180910,2263,80134950,2129,1754,탈수성열탈진,T673
20190610,1410,31910230,1409,1009,탈수성열탈진,T673
20190710,1032,33754080,1007,798,탈수성열탈진,T673
20190810,1033,31991620,992,725,탈수성열탈진,T673
20190910,1609,68123710,1467,1197,탈수성열탈진,T673
20200610,910,21939200,910,684,탈수성열탈진,T673
20200710,999,25663140,979,757,탈수성열탈진,T673
20200810,1606,61493950,1494,1206,탈수성열탈진,T673
20200910,1534,50141850,1454,1140,탈수성열탈진,T673
20210610,778,19497830,759,599,탈수성열탈진,T673
20210710,97,3394750,93,76,염분상실에의한열탈진,T674
20210810,167,5785970,157,140,염분상실에의한열탈진,T674
20210910,173,4285700,161,140,염분상실에의한열탈진,T674
20170610,66,1586910,62,47,염분상실에의한열탈진,T674
20170710,91,2324280,90,69,염분상실에의한열탈진,T674
20170810,268,9294710,252,223,염분상실에의한열탈진,T674
20170910,335,9967170,317,286,염분상실에의한열탈진,T674
20180610,84,2304570,83,72,염분상실에의한열탈진,T674
20180710,112,4600920,85,76,염분상실에의한열탈진,T674
20180810,148,5917850,123,111,염분상실에의한열탈진,T674
20180910,236,12461230,168,148,염분상실에의한열탈진,T674
20190610,78,4157440,65,50,염분상실에의한열탈진,T674
20190710,79,3671560,62,54,염분상실에의한열탈진,T674
20190810,112,3960790,92,82,염분상실에의한열탈진,T674
20190910,255,12253860,199,177,염분상실에의한열탈진,T674
20200610,80,2124240,79,62,염분상실에의한열탈진,T674
20200710,110,5803280,90,64,염분상실에의한열탈진,T674
20200810,196,18192590,128,116,염분상실에의한열탈진,T674
20200910,127,6023150,103,96,염분상실에의한열탈진,T674
20210610,54,1631750,54,45,염분상실에의한열탈진,T674
20210710,292,21578740,227,194,상세불명의열탈진,T675
20210810,1554,158163040,1037,950,상세불명의열탈진,T675
20210910,1608,159042600,1129,1029,상세불명의열탈진,T675
20170610,184,7097950,165,138,상세불명의열탈진,T675
20170710,273,23965280,246,224,상세불명의열탈진,T675
20170810,3908,438694340,2724,2526,상세불명의열탈진,T675
20170910,5113,563994770,3525,3090,상세불명의열탈진,T675
20180610,193,7352150,186,162,상세불명의열탈진,T675
20180710,270,28618280,212,188,상세불명의열탈진,T675
20180810,826,86314780,662,611,상세불명의열탈진,T675
20180910,2419,249633200,1824,1641,상세불명의열탈진,T675
20190610,198,20546940,169,148,상세불명의열탈진,T675
20190710,425,46264190,377,343,상세불명의열탈진,T675
20190810,272,21573900,249,224,상세불명의열탈진,T675
20190910,1383,175303470,1020,922,상세불명의열탈진,T675
20200610,236,13922540,198,179,상세불명의열탈진,T675
20200710,238,23176810,221,191,상세불명의열탈진,T675
20200810,1469,202717030,1153,1039,상세불명의열탈진,T675
20200910,976,104056020,787,722,상세불명의열탈진,T675
20210610,125,5901850,122,106,상세불명의열탈진,T675
20210710,193,5855010,192,161,일과성열피로,T676
20210810,580,20670440,557,467,일과성열피로,T676
20210910,734,25161940,688,600,일과성열피로,T676
20170610,135,2716040,135,117,일과성열피로,T676
20170710,139,5786190,130,113,일과성열피로,T676
20170810,995,53445680,850,778,일과성열피로,T676
20170910,1378,62928730,1215,1038,일과성열피로,T676
20180610,129,3438520,123,114,일과성열피로,T676
20180710,136,4711160,135,119,일과성열피로,T676
20180810,279,9387990,278,247,일과성열피로,T676
20180910,638,34318420,590,528,일과성열피로,T676
20190610,128,2835740,128,115,일과성열피로,T676
20190710,192,7023790,189,170,일과성열피로,T676
20190810,216,5674840,214,177,일과성열피로,T676
20190910,484,23595950,448,403,일과성열피로,T676
20200610,209,5667710,199,168,일과성열피로,T676
20200710,190,4375900,190,168,일과성열피로,T676
20200810,564,23616400,522,462,일과성열피로,T676
20200910,478,16992790,456,399,일과성열피로,T676
20210610,184,4118040,184,160,일과성열피로,T676
20210710,104,1615590,104,78,열성부종,T677
20210810,49,696790,49,40,열성부종,T677
20210910,85,1608900,85,70,열성부종,T677
20170610,130,1947430,130,97,열성부종,T677
20170710,98,1602190,98,70,열성부종,T677
20170810,62,893120,62,48,열성부종,T677
20170910,49,797730,49,39,열성부종,T677
20180610,92,1574670,92,73,열성부종,T677
20180710,89,1526070,89,66,열성부종,T677
20180810,73,1481840,73,52,열성부종,T677
20180910,73,1624590,73,54,열성부종,T677
20190610,92,1864670,92,69,열성부종,T677
20190710,38,678120,38,32,열성부종,T677
20190810,44,931420,44,35,열성부종,T677
20190910,41,822270,41,33,열성부종,T677
20200610,40,836620,40,35,열성부종,T677
20200710,24,1107890,24,20,열성부종,T677
20200810,24,1118130,24,19,열성부종,T677
20200910,12,365980,12,10,열성부종,T677
20210610,14,241870,15,11,열성부종,T677
20210710,6,468420,6,6,열및빛의기타영향,T678
20210810,11,528230,10,9,열및빛의기타영향,T678
20210910,8,319620,8,6,열및빛의기타영향,T678
20170610,3,251300,3,3,열및빛의기타영향,T678
20170710,2,39560,2,2,열및빛의기타영향,T678
20170810,17,1197710,17,16,열및빛의기타영향,T678
20170910,30,3227060,24,23,열및빛의기타영향,T678
20180610,1,43160,1,1,열및빛의기타영향,T678
20180710,9,276130,9,7,열및빛의기타영향,T678
20180810,4,141200,4,4,열및빛의기타영향,T678
20180910,2,27730,2,2,열및빛의기타영향,T678
20190710,4,63450,4,3,열및빛의기타영향,T678
20190810,1,16140,1,1,열및빛의기타영향,T678
20190910,6,522870,6,6,열및빛의기타영향,T678
20200610,1,16480,1,1,열및빛의기타영향,T678
20200710,2,179270,2,2,열및빛의기타영향,T678
20200810,3,51540,3,2,열및빛의기타영향,T678
20210610,1,20570,1,1,열및빛의기타영향,T678
20210710,8,508250,7,4,열및빛의상세불명의영향,T679
20210810,9,431410,9,9,열및빛의상세불명의영향,T679
20210910,4,121890,4,4,열및빛의상세불명의영향,T679
20170610,1,18830,1,1,열및빛의상세불명의영향,T679
20170710,5,454000,5,4,열및빛의상세불명의영향,T679
20170810,53,4897030,44,39,열및빛의상세불명의영향,T679
20170910,54,2407690,49,46,열및빛의상세불명의영향,T679
20180610,4,84530,4,4,열및빛의상세불명의영향,T679
20180710,3,137250,3,3,열및빛의상세불명의영향,T679
20180810,8,128230,8,5,열및빛의상세불명의영향,T679
20180910,18,2106970,15,14,열및빛의상세불명의영향,T679
20190610,1,89950,1,1,열및빛의상세불명의영향,T679
20190710,33,668300,33,21,열및빛의상세불명의영향,T679
20190810,28,533200,28,22,열및빛의상세불명의영향,T679
20190910,38,741480,38,27,열및빛의상세불명의영향,T679
20200610,12,243440,12,7,열및빛의상세불명의영향,T679
20200710,2,656680,2,2,열및빛의상세불명의영향,T679
20200810,5,92640,5,5,열및빛의상세불명의영향,T679
20200910,3,56930,3,3,열및빛의상세불명의영향,T679
20210610,4,354730,4,4,열및빛의상세불명의영향,T679
20210710,233,39374950,128,124,저체온증,T68
20210810,341,113575890,199,181,저체온증,T68
20210910,460,122304620,208,191,저체온증,T68
20171110,244,80876160,155,144,저체온증,T68
20171210,267,79262040,117,105,저체온증,T68
20180110,308,87405840,174,165,저체온증,T68
20180210,517,130842690,160,143,저체온증,T68
20181110,342,100803490,111,105,저체온증,T68
20181210,256,63356990,120,109,저체온증,T68
20190110,286,68786230,160,141,저체온증,T68
20190210,301,81717400,117,108,저체온증,T68
20191110,197,74362160,101,94,저체온증,T68
20191210,105,30419640,62,59,저체온증,T68
20200110,207,73763110,104,96,저체온증,T68
20200210,191,77274650,109,102,저체온증,T68
20201110,94,25703590,68,64,저체온증,T68
20201210,135,58294830,75,69,저체온증,T68
20210110,165,64984810,96,83,저체온증,T68
20210210,218,68788040,91,85,저체온증,T68
20211110,1067,18016370,1068,917,저하된온도의기타영향,T69
20211210,6237,102602220,6237,5084,저하된온도의기타영향,T69
20220110,6003,102543090,5988,4940,저하된온도의기타영향,T69
20171110,7926,134075630,7923,6437,저하된온도의기타영향,T69
20171210,761,13409170,761,636,저하된온도의기타영향,T69
20180110,3046,51118530,3046,2497,저하된온도의기타영향,T69
20180210,4499,78977640,4493,3593,저하된온도의기타영향,T69
20181110,2308,41854980,2305,1822,저하된온도의기타영향,T69
20181210,468,9009890,468,388,저하된온도의기타영향,T69
20190110,2108,36942480,2108,1716,저하된온도의기타영향,T69
20190210,2722,49097010,2722,2163,저하된온도의기타영향,T69
20191110,1327,26048570,1327,1030,저하된온도의기타영향,T69
20191210,420,8125750,420,355,저하된온도의기타영향,T69
20200110,4863,92195040,4848,3949,저하된온도의기타영향,T69
20200210,8005,157049790,7965,6329,저하된온도의기타영향,T69
20201110,2312,42682910,2312,1846,저하된온도의기타영향,T69
20201210,460,9218020,460,403,저하된온도의기타영향,T69
20210110,3034,55772250,3035,2494,저하된온도의기타영향,T69
20210210,6786,131998770,6771,5445,저하된온도의기타영향,T69
20211110,12,207970,12,11,침수병및침족병,T690
20211210,46,963100,46,33,침수병및침족병,T690
20220110,72,3809090,57,46,침수병및침족병,T690
20171110,58,1024990,58,43,침수병및침족병,T690
20171210,7,116780,7,6,침수병및침족병,T690
20180110,20,346290,20,18,침수병및침족병,T690
20180210,32,569930,32,26,침수병및침족병,T690
20181110,15,261740,15,13,침수병및침족병,T690
20181210,8,141570,8,5,침수병및침족병,T690
20190110,20,381910,20,15,침수병및침족병,T690
20190210,16,268140,16,10,침수병및침족병,T690
20191110,8,126730,8,7,침수병및침족병,T690
20191210,1,16140,1,1,침수병및침족병,T690
20200110,36,680100,36,27,침수병및침족병,T690
20200210,57,1251390,57,48,침수병및침족병,T690
20201110,18,340480,18,13,침수병및침족병,T690
20201210,5,86220,5,4,침수병및침족병,T690
20210110,5,106440,5,5,침수병및침족병,T690
20210210,44,1321050,44,34,침수병및침족병,T690
20211110,1048,17694640,1049,900,동창,T691
20211210,6173,100792710,6174,5037,동창,T691
20220110,5904,97970180,5904,4872,동창,T691
20171110,7841,131086850,7841,6376,동창,T691
20171210,754,13292390,754,630,동창,T691
20180110,3009,50524970,3009,2470,동창,T691
20180210,4460,78313030,4454,3561,동창,T691
20181110,2291,41524230,2288,1807,동창,T691
20181210,458,8827600,458,381,동창,T691
20190110,2084,36497810,2084,1697,동창,T691
20190210,2688,48586430,2688,2144,동창,T691
20191110,1318,25908490,1318,1022,동창,T691
20191210,419,8109610,419,354,동창,T691
20200110,4817,91349540,4802,3912,동창,T691
20200210,7938,155599730,7898,6275,동창,T691
20201110,2292,42309470,2292,1832,동창,T691
20201210,455,9131800,455,399,동창,T691
20210110,3021,55543370,3022,2483,동창,T691
20210210,6732,130336250,6717,5405,동창,T691
20211110,3,48270,3,3,저하된온도의기타명시된영향,T698
20211210,10,173630,10,9,저하된온도의기타명시된영향,T698
20220110,18,430400,18,13,저하된온도의기타명시된영향,T698
20171110,18,1837380,15,12,저하된온도의기타명시된영향,T698
20171210,7,120670,7,7,저하된온도의기타명시된영향,T698
20180110,6,78990,6,5,저하된온도의기타명시된영향,T698
20180210,2,40720,2,2,저하된온도의기타명시된영향,T698
20181210,2,31380,2,2,저하된온도의기타명시된영향,T698
20190110,17,226300,17,8,저하된온도의기타명시된영향,T698
20191110,1,13350,1,1,저하된온도의기타명시된영향,T698
20191210,6,96840,6,6,저하된온도의기타명시된영향,T698
20200110,4,93180,4,3,저하된온도의기타명시된영향,T698
20200210,2,32960,2,2,저하된온도의기타명시된영향,T698
20201210,6,94180,6,5,저하된온도의기타명시된영향,T698
20210110,8,317210,8,6,저하된온도의기타명시된영향,T698
20210210,4,65490,4,3,저하된온도의상세불명의영향,T699
20211210,8,672780,7,6,저하된온도의상세불명의영향,T699
20220110,9,333420,9,9,저하된온도의상세불명의영향,T699
20171110,9,126410,9,8,저하된온도의상세불명의영향,T699
20171210,10,126600,10,4,저하된온도의상세불명의영향,T699
20180110,1,15690,1,1,저하된온도의상세불명의영향,T699
20180210,2,69010,2,2,저하된온도의상세불명의영향,T699
20181210,2,31380,2,2,저하된온도의상세불명의영향,T699
20190110,1,16140,1,1,저하된온도의상세불명의영향,T699
20190210,4,68560,4,4,저하된온도의상세불명의영향,T699
20191210,6,105490,6,6,저하된온도의상세불명의영향,T699
20200110,2,28260,2,1,저하된온도의상세불명의영향,T699
20201210,2,24260,2,1,저하된온도의상세불명의영향,T699
20170110,4150,692403,1427,932,a형간염,B15
20170210,3773,651376,1328,917,a형간염,B15
20170310,4309,751958,1514,1027,a형간염,B15
20170410,4672,869233,1524,1012,a형간염,B15
20170510,4416,832883,1569,1054,a형간염,B15
20170610,4128,737747,1480,1006,a형간염,B15
20170710,3652,647358,1291,885,a형간염,B15
20170810,3044,535958,1192,821,a형간염,B15
20170910,2501,438850,1014,686,a형간염,B15
20171010,2410,449857,803,574,a형간염,B15
20171110,2197,384240,824,572,a형간염,B15
20171210,1686,315726,717,507,a형간염,B15
20180110,2387,427873,892,575,a형간염,B15
20180210,2179,450681,767,550,a형간염,B15
20180310,2123,381409,868,569,a형간염,B15
20180410,1990,374002,728,468,a형간염,B15
20180510,2088,398945,747,491,a형간염,B15
20180610,1249,211768,580,410,a형간염,B15
20180710,1261,252303,494,345,a형간염,B15
20180810,1249,243251,499,354,a형간염,B15
20180910,1106,212590,442,304,a형간염,B15
20181010,1248,246403,469,325,a형간염,B15
20181110,1438,304635,535,350,a형간염,B15
20181210,1498,343427,565,402,a형간염,B15
20190110,3693,879665,1023,638,a형간염,B15
20190210,5231,1350927,1293,909,a형간염,B15
20190310,11193,2764315,2786,1761,a형간염,B15
20190410,14634,3416961,4539,2837,a형간염,B15
20190510,20114,4610215,6472,4120,a형간염,B15
20190610,19823,4698977,6016,3872,a형간염,B15
20190710,22239,5316454,7057,4412,a형간염,B15
20190810,24223,5659288,7657,4684,a형간염,B15
20190910,17975,4008138,6544,4209,a형간염,B15
20191010,10817,2314689,4789,3114,a형간염,B15
20191110,3859,691405,2116,1545,a형간염,B15
20191210,2375,424863,1353,992,a형간염,B15
20200110,2238,496504,982,700,a형간염,B15
20200210,2308,558474,943,667,a형간염,B15
20200310,2511,570832,908,599,a형간염,B15
20200410,2402,561945,931,643,a형간염,B15
20200510,2747,710031,995,650,a형간염,B15
20200610,2902,733678,1083,727,a형간염,B15
20200710,2932,684956,1128,713,a형간염,B15
20200810,2739,727417,951,641,a형간염,B15
20200910,2409,601923,940,630,a형간염,B15
20201010,2941,775449,1051,707,a형간염,B15
20201110,3197,784324,1235,803,a형간염,B15
20201210,3163,754044,1324,861,a형간염,B15
20210110,2707,642963,1111,705,a형간염,B15
20210210,2629,631210,1053,687,a형간염,B15
20210310,3622,989591,1300,831,a형간염,B15
20210410,5031,1374110,1715,1052,a형간염,B15
20210510,5707,1640977,2021,1258,a형간염,B15
20210610,6004,1584206,2245,1381,a형간염,B15
20210710,5261,1435114,1985,1273,a형간염,B15
20210810,5447,1362970,2084,1296,a형간염,B15
20210910,4854,1272906,1868,1185,a형간염,B15
20211010,4671,1208748,1760,1136,a형간염,B15
20211110,3534,889170,1364,933,a형간염,B15
20211210,2633,631384,1178,801,a형간염,B15
20220110,2243,592938,923,614,a형간염,B15
20220210,1816,346303,1036,543,a형간염,B15
20220310,1131,214025,661,456,a형간염,B15
20220410,930,188618,561,385,a형간염,B15
20220510,895,197402,474,323,a형간염,B15
20110110,958,107622,255,226,발진티푸스,A75
20110210,448,47545,126,112,발진티푸스,A75
20110310,322,29698,118,99,발진티푸스,A75
20110410,503,72219,128,106,발진티푸스,A75
20110510,650,86893,180,156,발진티푸스,A75
20110610,561,63781,223,168,발진티푸스,A75
20110710,572,70166,170,133,발진티푸스,A75
20110810,889,122323,262,214,발진티푸스,A75
20110910,2467,263104,950,712,발진티푸스,A75
20111010,33481,3471396,10786,6603,발진티푸스,A75
20111110,39078,3800936,13653,8177,발진티푸스,A75
20111210,4908,473468,1953,1349,발진티푸스,A75
20120110,1181,142202,394,314,발진티푸스,A75
20120210,898,112125,239,195,발진티푸스,A75
20120310,507,56094,165,129,발진티푸스,A75
20120410,408,50888,160,131,발진티푸스,A75
20120510,605,73416,188,154,발진티푸스,A75
20120610,594,76836,196,160,발진티푸스,A75
20120710,639,81424,215,166,발진티푸스,A75
20120810,805,106045,214,177,발진티푸스,A75
20120910,1854,227995,741,549,발진티푸스,A75
20121010,53751,5538830,19586,11109,발진티푸스,A75
20121110,49955,4764650,19681,11011,발진티푸스,A75
20121210,3013,263535,1397,1023,발진티푸스,A75
20130110,685,64274,238,196,발진티푸스,A75
20130210,434,48738,142,123,발진티푸스,A75
20130310,363,40112,134,99,발진티푸스,A75
20130410,304,35337,142,117,발진티푸스,A75
20130510,718,112618,248,202,발진티푸스,A75
20130610,619,70917,245,205,발진티푸스,A75
20130710,617,89089,239,203,발진티푸스,A75
20130810,583,96073,194,162,발진티푸스,A75
20130910,1531,183363,624,477,발진티푸스,A75
20131010,42587,4622736,14738,8524,발진티푸스,A75
20131110,60352,6320955,22299,12445,발진티푸스,A75
20131210,4094,387103,2086,1552,발진티푸스,A75
20140110,900,98488,321,269,발진티푸스,A75
20140210,435,44071,158,132,발진티푸스,A75
20140310,417,47345,148,115,발진티푸스,A75
20140410,458,65651,164,138,발진티푸스,A75
20140510,702,92782,294,240,발진티푸스,A75
20140610,660,79330,262,217,발진티푸스,A75
20140710,565,58121,221,186,발진티푸스,A75
20140810,768,84263,266,216,발진티푸스,A75
20140910,3112,389073,1154,873,발진티푸스,A75
20141010,39324,4801974,12537,7316,발진티푸스,A75
20141110,28269,3238217,9913,5951,발진티푸스,A75
20141210,2504,254970,1134,862,발진티푸스,A75
20150110,541,59096,208,168,발진티푸스,A75
20150210,217,21305,134,108,발진티푸스,A75
20150310,302,31198,133,106,발진티푸스,A75
20150410,434,41728,211,158,발진티푸스,A75
20150510,541,65184,249,196,발진티푸스,A75
20150610,576,88329,215,179,발진티푸스,A75
20150710,582,73765,229,185,발진티푸스,A75
20150810,760,99131,260,217,발진티푸스,A75
20150910,1751,214779,686,509,발진티푸스,A75
20151010,33686,4377389,10860,6489,발진티푸스,A75
20151110,43125,5455819,15009,8501,발진티푸스,A75
20151210,4290,497190,1716,1194,발진티푸스,A75
20160110,662,67976,230,195,발진티푸스,A75
20160210,316,35781,130,106,발진티푸스,A75
20160310,295,32856,130,103,발진티푸스,A75
20160410,597,78988,298,237,발진티푸스,A75
20160510,1112,165135,444,334,발진티푸스,A75
20160610,875,111494,403,297,발진티푸스,A75
20160710,611,89422,270,213,발진티푸스,A75
20160810,566,73525,228,183,발진티푸스,A75
20160910,1483,203358,637,502,발진티푸스,A75
20161010,21536,3011834,6784,4488,발진티푸스,A75
20161110,55398,7616718,19202,10617,발진티푸스,A75
20161210,5143,656344,2451,1672,발진티푸스,A75
20170110,462,47404,223,177,발진티푸스,A75
20170210,184,15722,108,80,발진티푸스,A75
20170310,241,28982,108,77,발진티푸스,A75
20170410,421,47755,200,152,발진티푸스,A75
20170510,749,96834,343,272,발진티푸스,A75
20170610,781,98334,376,283,발진티푸스,A75
20170710,984,143883,383,287,발진티푸스,A75
20170810,797,115299,367,277,발진티푸스,A75
20170910,1386,202721,577,416,발진티푸스,A75
20171010,20858,3274030,6169,3925,발진티푸스,A75
20171110,35231,5269256,11360,6555,발진티푸스,A75
20171210,2550,327633,1190,893,발진티푸스,A75
20180110,392,72397,168,133,발진티푸스,A75
20180210,128,13302,66,57,발진티푸스,A75
20180310,231,25637,107,83,발진티푸스,A75
20180410,697,124424,264,201,발진티푸스,A75
20180510,1035,185099,361,301,발진티푸스,A75
20180610,1082,156640,413,333,발진티푸스,A75
20180710,941,145067,336,248,발진티푸스,A75
20180810,633,96484,224,178,발진티푸스,A75
20180910,1179,181782,387,312,발진티푸스,A75
20181010,12641,2203919,3682,2356,발진티푸스,A75
20181110,18671,3221023,6322,3731,발진티푸스,A75
20181210,1595,245865,741,515,발진티푸스,A75
20190110,315,46085,116,94,발진티푸스,A75
20190210,230,27032,73,59,발진티푸스,A75
20190310,260,33649,95,82,발진티푸스,A75
20190410,309,51826,142,119,발진티푸스,A75
20190510,651,111990,282,216,발진티푸스,A75
20190610,714,103069,307,236,발진티푸스,A75
20190710,911,158388,280,229,발진티푸스,A75
20190810,773,136098,288,227,발진티푸스,A75
20190910,1118,194751,423,323,발진티푸스,A75
20191010,6774,1329551,2017,1370,발진티푸스,A75
20191110,19032,3714881,5776,3395,발진티푸스,A75
20191210,2126,337233,949,692,발진티푸스,A75
20200110,373,58344,155,127,발진티푸스,A75
20200210,207,40210,69,55,발진티푸스,A75
20200310,132,22692,70,57,발진티푸스,A75
20200410,276,55046,126,86,발진티푸스,A75
20200510,435,111075,176,148,발진티푸스,A75
20200610,536,115579,189,152,발진티푸스,A75
20200710,383,51769,177,139,발진티푸스,A75
20200810,457,85952,180,135,발진티푸스,A75
20200910,649,155797,211,161,발진티푸스,A75
20201010,9680,2311238,2538,1649,발진티푸스,A75
20201110,23179,4968265,7106,4100,발진티푸스,A75
20201210,3387,655273,1383,959,발진티푸스,A75
20210110,372,74931,150,115,발진티푸스,A75
20210210,171,30813,87,74,발진티푸스,A75
20210310,262,41989,101,85,발진티푸스,A75
20210410,333,70282,132,103,발진티푸스,A75
20210510,416,88966,153,123,발진티푸스,A75
20210610,410,75122,209,163,발진티푸스,A75
20210710,447,77149,159,138,발진티푸스,A75
20210810,354,77403,164,125,발진티푸스,A75
20210910,499,107438,224,173,발진티푸스,A75
20211010,11789,2797496,3192,2035,발진티푸스,A75
20211110,29116,7068762,8743,5004,발진티푸스,A75
20211210,3042,507839,1547,1095,발진티푸스,A75
20220110,320,55398,151,124,발진티푸스,A75
20220210,113,17309,71,58,발진티푸스,A75
20220310,115,22546,69,54,발진티푸스,A75
20220410,268,96672,110,84,발진티푸스,A75
20220510,507,116513,193,150,발진티푸스,A75
20110110,87,12085,37,30,열대열 말라리아,B50
20110210,38,4628,18,14,열대열 말라리아,B50
20110310,62,6660,26,21,열대열 말라리아,B50
20110410,43,2090,34,29,열대열 말라리아,B50
20110510,52,4783,26,22,열대열 말라리아,B50
20110610,54,1959,48,46,열대열 말라리아,B50
20110710,61,4289,46,42,열대열 말라리아,B50
20110810,63,4237,50,46,열대열 말라리아,B50
20110910,57,10428,28,22,열대열 말라리아,B50
20111010,46,4580,27,22,열대열 말라리아,B50
20111110,41,6789,19,14,열대열 말라리아,B50
20111210,76,8500,57,54,열대열 말라리아,B50
20120110,68,2525,61,59,열대열 말라리아,B50
20120210,19,1478,13,10,열대열 말라리아,B50
20120310,22,1858,13,12,열대열 말라리아,B50
20120410,9,1066,7,6,열대열 말라리아,B50
20120510,17,1081,15,11,열대열 말라리아,B50
20120610,63,3293,41,34,열대열 말라리아,B50
20120710,42,4335,32,27,열대열 말라리아,B50
20120810,48,12097,23,15,열대열 말라리아,B50
20120910,22,2038,9,8,열대열 말라리아,B50
20121010,38,3958,22,15,열대열 말라리아,B50
20121110,24,5306,16,14,열대열 말라리아,B50
20121210,5,59,5,5,열대열 말라리아,B50
20130110,36,9515,14,10,열대열 말라리아,B50
20130210,77,12506,22,14,열대열 말라리아,B50
20130310,18,4159,10,7,열대열 말라리아,B50
20130410,21,1386,16,11,열대열 말라리아,B50
20130510,36,5376,19,11,열대열 말라리아,B50
20130610,60,16150,26,14,열대열 말라리아,B50
20130710,95,9634,65,63,열대열 말라리아,B50
20130810,71,15013,37,29,열대열 말라리아,B50
20130910,73,17070,27,16,열대열 말라리아,B50
20131010,68,10654,35,27,열대열 말라리아,B50
20131110,44,5279,24,18,열대열 말라리아,B50
20131210,36,6469,18,16,열대열 말라리아,B50
20140110,66,32795,21,15,열대열 말라리아,B50
20140210,30,8139,14,10,열대열 말라리아,B50
20140310,9,194,9,9,열대열 말라리아,B50
20140410,21,3610,7,5,열대열 말라리아,B50
20140510,46,10784,21,15,열대열 말라리아,B50
20140610,36,3963,23,16,열대열 말라리아,B50
20140710,29,1565,24,22,열대열 말라리아,B50
20140810,54,17907,20,15,열대열 말라리아,B50
20140910,21,2794,10,7,열대열 말라리아,B50
20141010,33,7760,11,9,열대열 말라리아,B50
20141110,43,10227,5,5,열대열 말라리아,B50
20141210,66,10812,31,23,열대열 말라리아,B50
20150110,45,5230,17,13,열대열 말라리아,B50
20150210,28,2957,18,12,열대열 말라리아,B50
20150310,23,2523,16,10,열대열 말라리아,B50
20150410,32,5186,16,11,열대열 말라리아,B50
20150510,11,266,11,11,열대열 말라리아,B50
20150610,36,4069,19,17,열대열 말라리아,B50
20150710,112,28527,45,37,열대열 말라리아,B50
20150810,109,16744,40,26,열대열 말라리아,B50
20150910,49,7716,18,13,열대열 말라리아,B50
20151010,22,1337,16,12,열대열 말라리아,B50
20151110,20,283,20,19,열대열 말라리아,B50
20151210,49,8295,18,14,열대열 말라리아,B50
20160110,82,37605,22,17,열대열 말라리아,B50
20160210,16,1818,8,6,열대열 말라리아,B50
20160310,17,1457,14,10,열대열 말라리아,B50
20160410,5,96,5,5,열대열 말라리아,B50
20160510,27,3750,12,11,열대열 말라리아,B50
20160610,50,14524,22,11,열대열 말라리아,B50
20160710,90,12452,53,46,열대열 말라리아,B50
20160810,41,8645,23,20,열대열 말라리아,B50
20160910,16,7258,5,4,열대열 말라리아,B50
20161010,17,2694,12,9,열대열 말라리아,B50
20161110,39,4648,29,25,열대열 말라리아,B50
20161210,24,7287,20,20,열대열 말라리아,B50
20170110,33,7956,16,9,열대열 말라리아,B50
20170210,78,18280,15,11,열대열 말라리아,B50
20170310,24,5400,12,10,열대열 말라리아,B50
20170410,32,8160,24,20,열대열 말라리아,B50
20170510,33,10416,11,9,열대열 말라리아,B50
20170610,45,10016,24,19,열대열 말라리아,B50
20170710,46,4936,46,43,열대열 말라리아,B50
20170810,78,24436,22,16,열대열 말라리아,B50
20170910,65,10924,24,13,열대열 말라리아,B50
20171010,36,23172,13,9,열대열 말라리아,B50
20171110,22,3165,9,6,열대열 말라리아,B50
20171210,11,1606,8,3,열대열 말라리아,B50
20180110,20,8653,5,4,열대열 말라리아,B50
20180210,8,901,6,6,열대열 말라리아,B50
20180310,19,1706,13,10,열대열 말라리아,B50
20180410,15,2078,8,4,열대열 말라리아,B50
20180510,6,172,6,5,열대열 말라리아,B50
20180610,11,3501,4,4,열대열 말라리아,B50
20180710,88,43468,27,19,열대열 말라리아,B50
20180810,27,14784,14,11,열대열 말라리아,B50
20180910,60,43783,5,4,열대열 말라리아,B50
20181010,7,902,4,3,열대열 말라리아,B50
20181210,22,10776,8,7,열대열 말라리아,B50
20190110,26,7091,14,10,열대열 말라리아,B50
20190210,16,2952,9,8,열대열 말라리아,B50
20190310,8,8723,7,6,열대열 말라리아,B50
20190410,17,5200,3,2,열대열 말라리아,B50
20190510,6,84,6,6,열대열 말라리아,B50
20190610,58,17360,27,25,열대열 말라리아,B50
20190710,81,16968,30,22,열대열 말라리아,B50
20190810,31,9440,19,13,열대열 말라리아,B50
20190910,36,6439,19,8,열대열 말라리아,B50
20191010,37,13607,9,9,열대열 말라리아,B50
20191110,37,9149,18,12,열대열 말라리아,B50
20191210,32,5017,19,16,열대열 말라리아,B50
20200110,42,17593,15,10,열대열 말라리아,B50
20200210,60,10419,37,28,열대열 말라리아,B50
20200310,32,1817,23,20,열대열 말라리아,B50
20200410,9,432,9,6,열대열 말라리아,B50
20200510,11,5206,5,3,열대열 말라리아,B50
20200610,13,3028,8,8,열대열 말라리아,B50
20200710,16,3236,12,7,열대열 말라리아,B50
20200810,30,1414,27,23,열대열 말라리아,B50
20200910,20,314,20,20,열대열 말라리아,B50
20201010,11,1831,7,4,열대열 말라리아,B50
20201110,46,32924,6,6,열대열 말라리아,B50
20201210,13,542,13,12,열대열 말라리아,B50
20210110,3,80,4,4,열대열 말라리아,B50
20210210,5,725,2,2,열대열 말라리아,B50
20210410,1,16,1,1,열대열 말라리아,B50
20210510,1,12,1,1,열대열 말라리아,B50
20210610,22,7927,12,7,열대열 말라리아,B50
20210710,12,1601,12,8,열대열 말라리아,B50
20210810,27,589,27,25,열대열 말라리아,B50
20210910,17,3433,9,8,열대열 말라리아,B50
20211010,28,8519,8,6,열대열 말라리아,B50
20211110,22,5646,12,6,열대열 말라리아,B50
20211210,4,138,4,4,열대열 말라리아,B50
20220110,11,240,11,7,열대열 말라리아,B50
20220210,18,951,18,13,열대열 말라리아,B50
20220310,2,160,2,2,열대열 말라리아,B50
20220410,1,25,1,1,열대열 말라리아,B50
20220510,30,10457,5,3,열대열 말라리아,B50
20100110,3214,92127,2620,1982,천식,J45
20100210,2746,73527,2270,1761,천식,J45
20100310,3182,86219,2617,2021,천식,J45
20100410,3744,101367,2967,2294,천식,J45
20100510,3723,96310,3066,2249,천식,J45
20100610,3110,86260,2484,1930,천식,J45
20100710,2677,73009,2136,1682,천식,J45
20100810,2593,88684,1975,1623,천식,J45
20100910,2728,70166,2271,1787,천식,J45
20101010,3311,77397,2858,2072,천식,J45
20101110,3178,78596,2715,2035,천식,J45
20101210,3452,84230,2983,2184,천식,J45
20110110,1746,43479,1506,1155,천식,J45
20110210,955,18036,899,636,천식,J45
20110310,965,13040,907,636,천식,J45
20110410,1245,20848,1156,779,천식,J45
20110510,1106,16720,1059,751,천식,J45
20110610,826,15569,768,567,천식,J45
20110710,634,8924,604,427,천식,J45
20110810,687,13522,593,451,천식,J45
20110910,769,12693,680,494,천식,J45
20111010,613,8886,528,395,천식,J45
20111110,752,13475,659,449,천식,J45
20111210,798,13013,756,482,천식,J45
20120110,895,19053,805,529,천식,J45
20120210,896,17699,811,551,천식,J45
20120310,790,12711,746,497,천식,J45
20120410,812,12908,772,505,천식,J45
20120510,850,12552,819,511,천식,J45
20120610,572,9633,538,328,천식,J45
20120710,563,9404,503,329,천식,J45
20120810,507,11324,394,265,천식,J45
20120910,677,12184,618,387,천식,J45
20121010,657,10660,614,402,천식,J45
20121110,617,9517,588,365,천식,J45
20121210,608,10854,554,354,천식,J45
20130110,496,8705,454,314,천식,J45
20130210,549,10909,489,357,천식,J45
20130310,540,12062,402,266,천식,J45
20130410,527,11831,435,301,천식,J45
20130510,440,7376,408,301,천식,J45
20130610,320,5758,291,218,천식,J45
20130710,288,4936,269,191,천식,J45
20130810,267,4460,257,191,천식,J45
20130910,339,6857,307,232,천식,J45
20131010,524,11652,403,275,천식,J45
20131110,433,8031,388,283,천식,J45
20131210,437,9660,366,240,천식,J45
20140110,529,10982,457,327,천식,J45
20140210,503,9791,443,313,천식,J45
20140310,541,7558,538,387,천식,J45
20140410,681,10139,672,477,천식,J45
20140510,491,7881,480,356,천식,J45
20140610,425,12022,383,289,천식,J45
20140710,325,6690,290,225,천식,J45
20140810,349,6481,320,254,천식,J45
20140910,490,8300,465,343,천식,J45
20141010,463,7064,463,338,천식,J45
20141110,445,7098,439,343,천식,J45
20141210,431,9637,403,308,천식,J45
20150110,331,5500,319,231,천식,J45
20150210,341,5122,332,248,천식,J45
20150310,460,7599,439,318,천식,J45
20150410,419,5702,419,320,천식,J45
20150510,441,9252,417,317,천식,J45
20150610,432,10132,389,275,천식,J45
20150710,321,13797,199,146,천식,J45
20150810,217,3636,213,164,천식,J45
20150910,278,5445,249,179,천식,J45
20151010,270,4387,266,209,천식,J45
20151110,305,6147,278,201,천식,J45
20151210,332,6674,302,229,천식,J45
20160110,392,8760,355,272,천식,J45
20160210,376,9272,341,260,천식,J45
20160310,381,9007,346,264,천식,J45
20160410,537,12090,508,371,천식,J45
20160510,424,10195,414,321,천식,J45
20160610,408,9786,380,266,천식,J45
20160710,355,9257,316,227,천식,J45
20160810,321,6665,321,244,천식,J45
20160910,392,7180,392,297,천식,J45
20161010,469,8858,439,318,천식,J45
20161110,521,10892,488,342,천식,J45
20161210,761,14347,720,496,천식,J45
20170110,511,9945,477,328,천식,J45
20170210,438,8410,409,296,천식,J45
20170310,585,11016,555,373,천식,J45
20170410,552,12380,518,384,천식,J45
20170510,410,10801,369,264,천식,J45
20170610,275,6732,246,171,천식,J45
20170710,304,10065,226,169,천식,J45
20170810,228,5360,202,152,천식,J45
20170910,348,7102,319,227,천식,J45
20171010,245,5812,215,160,천식,J45
20171110,267,5908,238,181,천식,J45
20171210,377,6661,365,265,천식,J45
20180110,396,6505,396,281,천식,J45
20180210,267,4742,259,203,천식,J45
20180310,269,6225,245,167,천식,J45
20180410,314,6877,303,226,천식,J45
20180510,249,4326,249,193,천식,J45
20180610,153,2535,153,121,천식,J45
20180710,135,3198,128,92,천식,J45
20180810,111,1699,111,83,천식,J45
20180910,187,3382,187,137,천식,J45
20181010,214,4014,214,167,천식,J45
20181110,223,3916,223,172,천식,J45
20181210,268,4294,268,202,천식,J45
20190110,245,4697,245,185,천식,J45
20190210,189,3854,189,138,천식,J45
20190310,217,4266,217,156,천식,J45
20190410,243,5581,235,185,천식,J45
20190510,161,2823,161,118,천식,J45
20190610,116,2390,116,99,천식,J45
20190710,100,2410,100,80,천식,J45
20190810,90,2889,87,69,천식,J45
20190910,98,1452,98,77,천식,J45
20191010,140,2340,140,112,천식,J45
20191110,125,1924,125,105,천식,J45
20191210,161,2399,161,139,천식,J45
20200110,168,2960,168,136,천식,J45
20200210,126,2878,126,107,천식,J45
20200310,127,3913,119,89,천식,J45
20200410,86,1756,86,73,천식,J45
20200510,101,2423,101,73,천식,J45
20200610,98,2646,98,75,천식,J45
20200710,87,1839,87,65,천식,J45
20200810,58,1400,58,45,천식,J45
20200910,88,2147,88,71,천식,J45
20201010,99,2048,99,79,천식,J45
20201110,91,2291,91,67,천식,J45
20201210,90,1744,90,72,천식,J45
20210110,97,4134,88,68,천식,J45
20210210,84,4631,68,56,천식,J45
20210310,100,2398,100,76,천식,J45
20210410,92,2514,90,72,천식,J45
20210510,76,1718,76,67,천식,J45
20210610,87,1811,87,64,천식,J45
20210710,61,1065,61,51,천식,J45
20210810,71,1638,71,55,천식,J45
20210910,78,1735,78,69,천식,J45
20211010,72,1418,72,60,천식,J45
20211110,85,4201,78,70,천식,J45
20211210,70,2253,70,65,천식,J45
20220110,66,1484,66,56,천식,J45
20220210,75,1683,75,63,천식,J45
20220310,112,5307,107,79,천식,J45
20220410,98,3406,98,76,천식,J45
20220510,95,4819,89,69,천식,J45
20110110,320,34429,153,101,장티푸스,A01
20110210,366,46303,129,94,장티푸스,A01
20110310,240,26760,78,63,장티푸스,A01
20110410,309,41788,72,56,장티푸스,A01
20110510,232,30515,63,45,장티푸스,A01
20110610,328,42348,91,74,장티푸스,A01
20110710,219,25077,68,57,장티푸스,A01
20110810,226,26706,85,66,장티푸스,A01
20110910,277,32755,79,49,장티푸스,A01
20111010,159,26466,47,38,장티푸스,A01
20111110,171,25808,53,38,장티푸스,A01
20111210,210,33879,56,42,장티푸스,A01
20120110,199,28541,73,51,장티푸스,A01
20120210,204,28515,62,47,장티푸스,A01
20120310,194,29745,54,42,장티푸스,A01
20120410,122,16896,44,38,장티푸스,A01
20120510,205,28294,70,48,장티푸스,A01
20120610,210,29904,85,59,장티푸스,A01
20120710,234,33526,54,40,장티푸스,A01
20120810,271,47703,69,57,장티푸스,A01
20120910,159,20228,54,40,장티푸스,A01
20121010,124,12060,69,43,장티푸스,A01
20121110,125,18030,41,31,장티푸스,A01
20121210,134,20786,51,36,장티푸스,A01
20130110,282,46532,58,44,장티푸스,A01
20130210,151,17441,60,42,장티푸스,A01
20130310,155,28400,41,33,장티푸스,A01
20130410,288,43533,64,47,장티푸스,A01
20130510,300,43771,86,64,장티푸스,A01
20130610,197,29532,77,55,장티푸스,A01
20130710,207,36832,64,46,장티푸스,A01
20130810,152,25775,43,34,장티푸스,A01
20130910,146,22150,52,37,장티푸스,A01
20131010,132,20870,43,37,장티푸스,A01
20131110,118,15485,59,37,장티푸스,A01
20131210,203,33485,63,41,장티푸스,A01
20140110,168,23320,58,40,장티푸스,A01
20140210,192,26207,61,45,장티푸스,A01
20140310,302,52054,83,60,장티푸스,A01
20140410,377,69959,83,69,장티푸스,A01
20140510,605,112225,122,90,장티푸스,A01
20140610,306,40456,113,86,장티푸스,A01
20140710,301,47953,61,48,장티푸스,A01
20140810,188,30548,45,31,장티푸스,A01
20140910,118,18538,52,32,장티푸스,A01
20141010,69,5879,49,37,장티푸스,A01
20141110,251,49587,65,41,장티푸스,A01
20141210,226,44189,59,40,장티푸스,A01
20150110,134,25990,37,28,장티푸스,A01
20150210,176,34773,48,30,장티푸스,A01
20150310,210,41470,60,40,장티푸스,A01
20150410,88,14257,26,17,장티푸스,A01
20150510,193,36402,43,31,장티푸스,A01
20150610,196,32500,58,34,장티푸스,A01
20150710,106,13684,39,34,장티푸스,A01
20150810,120,20932,40,26,장티푸스,A01
20150910,94,20307,30,22,장티푸스,A01
20151010,120,23160,41,26,장티푸스,A01
20151110,77,17399,14,12,장티푸스,A01
20151210,153,36519,32,28,장티푸스,A01
20160110,196,30093,50,33,장티푸스,A01
20160210,101,20182,36,25,장티푸스,A01
20160310,181,46529,35,25,장티푸스,A01
20160410,145,31051,48,32,장티푸스,A01
20160510,115,21454,43,31,장티푸스,A01
20160610,103,26330,26,20,장티푸스,A01
20160710,87,18542,21,17,장티푸스,A01
20160810,158,37265,32,20,장티푸스,A01
20160910,67,14108,27,19,장티푸스,A01
20161010,83,14042,21,13,장티푸스,A01
20161110,30,3293,22,12,장티푸스,A01
20161210,108,27635,31,22,장티푸스,A01
20170110,138,32523,39,20,장티푸스,A01
20170210,179,46323,43,30,장티푸스,A01
20170310,147,44364,29,21,장티푸스,A01
20170410,113,27897,38,23,장티푸스,A01
20170510,162,39036,48,24,장티푸스,A01
20170610,270,76596,55,38,장티푸스,A01
20170710,148,33658,31,26,장티푸스,A01
20170810,334,89869,78,47,장티푸스,A01
20170910,165,34164,43,30,장티푸스,A01
20171010,104,22075,24,20,장티푸스,A01
20171110,155,38407,21,19,장티푸스,A01
20171210,69,18081,21,12,장티푸스,A01
20180110,319,89966,54,35,장티푸스,A01
20180210,416,137800,58,42,장티푸스,A01
20180310,357,89664,87,41,장티푸스,A01
20180410,322,91287,62,45,장티푸스,A01
20180510,150,34492,46,31,장티푸스,A01
20180610,124,36537,28,21,장티푸스,A01
20180710,142,31705,46,25,장티푸스,A01
20180810,156,38408,41,30,장티푸스,A01
20180910,102,23933,36,20,장티푸스,A01
20181010,114,33013,24,16,장티푸스,A01
20181110,126,31942,40,23,장티푸스,A01
20181210,91,26184,20,15,장티푸스,A01
20190110,191,54584,34,26,장티푸스,A01
20190210,125,38580,27,19,장티푸스,A01
20190310,136,33940,45,27,장티푸스,A01
20190410,211,54569,68,33,장티푸스,A01
20190510,161,37987,46,28,장티푸스,A01
20190610,201,50216,49,33,장티푸스,A01
20190710,144,32523,52,29,장티푸스,A01
20190810,112,29014,33,22,장티푸스,A01
20190910,90,17478,44,27,장티푸스,A01
20191010,48,12837,15,13,장티푸스,A01
20191110,31,6965,6,5,장티푸스,A01
20191210,82,24300,21,12,장티푸스,A01
20200110,54,16910,21,14,장티푸스,A01
20200210,33,8866,11,7,장티푸스,A01
20200310,23,2392,18,14,장티푸스,A01
20200410,58,16360,19,14,장티푸스,A01
20200510,70,15474,31,17,장티푸스,A01
20200610,43,16568,21,17,장티푸스,A01
20200710,88,35201,19,13,장티푸스,A01
20200810,160,36497,56,18,장티푸스,A01
20200910,170,38689,49,25,장티푸스,A01
20201010,102,30773,19,12,장티푸스,A01
20201110,67,20031,21,16,장티푸스,A01
20201210,114,32007,21,15,장티푸스,A01
20210110,126,35347,41,25,장티푸스,A01
20210210,59,7762,29,27,장티푸스,A01
20210310,66,18268,24,22,장티푸스,A01
20210410,101,26710,28,23,장티푸스,A01
20210510,63,14718,27,21,장티푸스,A01
20210610,85,17590,25,21,장티푸스,A01
20210710,170,44137,41,31,장티푸스,A01
20210810,245,66659,55,43,장티푸스,A01
20210910,126,28951,46,36,장티푸스,A01
20211010,64,15936,21,20,장티푸스,A01
20211110,45,11743,20,14,장티푸스,A01
20211210,110,33854,26,20,장티푸스,A01
20220110,81,16917,27,18,장티푸스,A01
20220210,24,826,24,22,장티푸스,A01
20220310,26,3087,19,12,장티푸스,A01
20220410,58,13525,21,20,장티푸스,A01
20220510,87,19717,27,22,장티푸스,A01
